model,original_n,filtered_n,removed_outliers_n,removed_pct,iqr_lower_bound_ms,iqr_upper_bound_ms
claude-sonnet-4-6,450,447,3,0.67,4528.259365979466,21789.352780018817
gemini-3.1-pro-preview,441,431,10,2.27,-1703.8392716494855,36241.417228622595
gpt-5.4,450,440,10,2.22,1770.8528225994087,7122.865323639417
meta-llama/llama-4-scout-17b-16e-instruct,450,447,3,0.67,-1961.2059854262043,6417.691808397649
